اسم_تجاري_شائع_في_مصر,المادة_الفعالة,الشكل_الصيدلي_الشائع,التصنيف,الاستخدامات_الشائعة,جرعة_بالغين_عامة,أعراض_جانبية_شائعة,تحذيرات_مختصرة,حالة_الصرف,ملاحظة_للبوت,مصادر_للتحقق
Panadol,Paracetamol / Acetaminophen,أقراص / شراب,مسكن وخافض حرارة,الصداع، آلام الجسم، الحمى، آلام الأسنان البسيطة,غالبًا 500-1000 مجم كل 6-8 ساعات عند اللزوم، بحد أقصى 4 جم يوميًا للبالغين,غثيان نادر، حساسية جلدية نادرة,تجنب تجاوز الجرعة؛ الحذر مع أمراض الكبد أو تناول الكحول أو استخدام أدوية أخرى تحتوي على باراسيتامول,بدون وصفة غالبًا,المعلومة تعليمية ولا تغني عن النشرة أو استشارة الطبيب/الصيدلي.,EDA EDDB: https://eservices.edaegypt.gov.eg/EDASearch/SearchRegDrugs.aspx | EDA OTC list: https://edaegypt.gov.eg/media/pdzgaksr/otc-list-11-3-2026.pdf | MedlinePlus: https://medlineplus.gov/druginformation.html | NHS medicines: https://www.nhs.uk/medicines/
Cetal,Paracetamol,أقراص / شراب / نقط,مسكن وخافض حرارة,الحمى والآلام الخفيفة إلى المتوسطة,للبالغين غالبًا 500-1000 مجم كل 6-8 ساعات عند اللزوم، ولا تتجاوز 4 جم/اليوم,غثيان أو طفح جلدي نادر,لا تجمعه مع أدوية برد تحتوي على باراسيتامول؛ الحذر في أمراض الكبد,بدون وصفة غالبًا,المعلومة تعليمية ولا تغني عن النشرة أو استشارة الطبيب/الصيدلي.,EDA EDDB: https://eservices.edaegypt.gov.eg/EDASearch/SearchRegDrugs.aspx | EDA OTC list: https://edaegypt.gov.eg/media/pdzgaksr/otc-list-11-3-2026.pdf | MedlinePlus: https://medlineplus.gov/druginformation.html | NHS medicines: https://www.nhs.uk/medicines/
Novaldol,Paracetamol,أقراص,مسكن وخافض حرارة,صداع، ألم عضلي، ارتفاع حرارة,حسب النشرة؛ غالبًا 500-1000 مجم عند اللزوم مع الالتزام بالحد الأقصى اليومي,اضطراب معدة بسيط، حساسية نادرة,ممنوع تجاوز الجرعة اليومية؛ راجع الطبيب في استمرار الحمى,بدون وصفة غالبًا,المعلومة تعليمية ولا تغني عن النشرة أو استشارة الطبيب/الصيدلي.,EDA EDDB: https://eservices.edaegypt.gov.eg/EDASearch/SearchRegDrugs.aspx | EDA OTC list: https://edaegypt.gov.eg/media/pdzgaksr/otc-list-11-3-2026.pdf | MedlinePlus: https://medlineplus.gov/druginformation.html | NHS medicines: https://www.nhs.uk/medicines/
Brufen,Ibuprofen,أقراص / شراب,مضاد التهاب غير ستيرويدي NSAID,آلام الأسنان، العضلات، الدورة، الالتهابات البسيطة والحمى,غالبًا 200-400 مجم كل 6-8 ساعات بعد الأكل؛ الجرعات العالية بوصفة فقط,حموضة، ألم معدة، غثيان، دوخة,الحذر مع قرحة المعدة، أمراض الكلى، مميعات الدم، الحمل المتأخر، الربو الحساس للأسبرين,بدون وصفة لبعض التركيزات / بوصفة للجرعات العالية,المعلومة تعليمية ولا تغني عن النشرة أو استشارة الطبيب/الصيدلي.,EDA EDDB: https://eservices.edaegypt.gov.eg/EDASearch/SearchRegDrugs.aspx | EDA OTC list: https://edaegypt.gov.eg/media/pdzgaksr/otc-list-11-3-2026.pdf | MedlinePlus: https://medlineplus.gov/druginformation.html | NHS medicines: https://www.nhs.uk/medicines/
Advil,Ibuprofen,كبسولات / أقراص,مسكن ومضاد التهاب,الصداع وآلام الجسم والحمى,غالبًا 200-400 مجم كل 6-8 ساعات بعد الأكل عند اللزوم,اضطراب معدة، غثيان، دوخة,تجنب استخدامه مع قرحة المعدة أو مميعات الدم إلا باستشارة؛ لا يفضل في آخر الحمل,بدون وصفة غالبًا,المعلومة تعليمية ولا تغني عن النشرة أو استشارة الطبيب/الصيدلي.,EDA EDDB: https://eservices.edaegypt.gov.eg/EDASearch/SearchRegDrugs.aspx | EDA OTC list: https://edaegypt.gov.eg/media/pdzgaksr/otc-list-11-3-2026.pdf | MedlinePlus: https://medlineplus.gov/druginformation.html | NHS medicines: https://www.nhs.uk/medicines/
Voltaren,Diclofenac sodium,أقراص / حقن / جل,مضاد التهاب ومسكن NSAID,آلام المفاصل والعضلات والالتهابات,حسب الشكل والتركيز؛ الأقراص والحقن يحددها الطبيب، والجل يستخدم موضعيًا حسب النشرة,حموضة، ألم معدة، دوخة، تهيج جلدي مع الجل,الحذر في قرحة المعدة، ضغط الدم، أمراض القلب والكلى، ومميعات الدم,بوصفة غالبًا للأقراص/الحقن,المعلومة تعليمية ولا تغني عن النشرة أو استشارة الطبيب/الصيدلي.,EDA EDDB: https://eservices.edaegypt.gov.eg/EDASearch/SearchRegDrugs.aspx | EDA OTC list: https://edaegypt.gov.eg/media/pdzgaksr/otc-list-11-3-2026.pdf | MedlinePlus: https://medlineplus.gov/druginformation.html | NHS medicines: https://www.nhs.uk/medicines/
Cataflam,Diclofenac potassium,أقراص / نقط / شراب,مسكن ومضاد التهاب NSAID,آلام الأسنان، الدورة، الالتهابات الحادة,حسب الطبيب/النشرة؛ عادة يؤخذ بعد الأكل لتقليل تهيج المعدة,حموضة، غثيان، ألم معدة، دوخة,لا يستخدم مع قرحة نشطة أو حساسية من NSAIDs؛ الحذر مع القلب والكلى,بوصفة غالبًا,المعلومة تعليمية ولا تغني عن النشرة أو استشارة الطبيب/الصيدلي.,EDA EDDB: https://eservices.edaegypt.gov.eg/EDASearch/SearchRegDrugs.aspx | EDA OTC list: https://edaegypt.gov.eg/media/pdzgaksr/otc-list-11-3-2026.pdf | MedlinePlus: https://medlineplus.gov/druginformation.html | NHS medicines: https://www.nhs.uk/medicines/
Profenid,Ketoprofen,كبسولات / أقراص / لبوس,NSAID,آلام المفاصل والعضلات والالتهابات,حسب وصف الطبيب والنشرة، ويفضل بعد الطعام,اضطراب معدة، غثيان، دوخة,الحذر مع قرحة المعدة وأمراض الكلى ومميعات الدم,بوصفة غالبًا,المعلومة تعليمية ولا تغني عن النشرة أو استشارة الطبيب/الصيدلي.,EDA EDDB: https://eservices.edaegypt.gov.eg/EDASearch/SearchRegDrugs.aspx | EDA OTC list: https://edaegypt.gov.eg/media/pdzgaksr/otc-list-11-3-2026.pdf | MedlinePlus: https://medlineplus.gov/druginformation.html | NHS medicines: https://www.nhs.uk/medicines/
Ketolac,Ketorolac,أقراص / حقن,مسكن قوي NSAID,آلام حادة قصيرة المدى بعد العمليات أو الأسنان,يستخدم لفترة قصيرة فقط وبوصفة طبيب,ألم معدة، غثيان، دوخة، احتمال نزيف معدي,لا يستخدم لفترات طويلة؛ الحذر الشديد مع قرحة المعدة والكلى ومميعات الدم,بوصفة,المعلومة تعليمية ولا تغني عن النشرة أو استشارة الطبيب/الصيدلي.,EDA EDDB: https://eservices.edaegypt.gov.eg/EDASearch/SearchRegDrugs.aspx | EDA OTC list: https://edaegypt.gov.eg/media/pdzgaksr/otc-list-11-3-2026.pdf | MedlinePlus: https://medlineplus.gov/druginformation.html | NHS medicines: https://www.nhs.uk/medicines/
Mobic,Meloxicam,أقراص / حقن,NSAID,خشونة والتهابات المفاصل والآلام الالتهابية,حسب وصف الطبيب غالبًا مرة يوميًا حسب التركيز,حموضة، غثيان، تورم، دوخة,الحذر مع أمراض القلب والكلى والقرحة والضغط,بوصفة,المعلومة تعليمية ولا تغني عن النشرة أو استشارة الطبيب/الصيدلي.,EDA EDDB: https://eservices.edaegypt.gov.eg/EDASearch/SearchRegDrugs.aspx | EDA OTC list: https://edaegypt.gov.eg/media/pdzgaksr/otc-list-11-3-2026.pdf | MedlinePlus: https://medlineplus.gov/druginformation.html | NHS medicines: https://www.nhs.uk/medicines/
Celebrex,Celecoxib,كبسولات,NSAID انتقائي COX-2,التهاب المفاصل وآلام العظام والعضلات,حسب الطبيب؛ غالبًا مرة أو مرتين يوميًا حسب الحالة,عسر هضم، تورم، دوخة,الحذر مع أمراض القلب، الضغط، حساسية السلفا، والكلى,بوصفة,المعلومة تعليمية ولا تغني عن النشرة أو استشارة الطبيب/الصيدلي.,EDA EDDB: https://eservices.edaegypt.gov.eg/EDASearch/SearchRegDrugs.aspx | EDA OTC list: https://edaegypt.gov.eg/media/pdzgaksr/otc-list-11-3-2026.pdf | MedlinePlus: https://medlineplus.gov/druginformation.html | NHS medicines: https://www.nhs.uk/medicines/
Muscadol,Paracetamol + Orphenadrine citrate,أقراص,مسكن وباسط عضلات,تقلصات وآلام العضلات المصاحبة للشد,حسب النشرة/الطبيب؛ غالبًا بعد الأكل عند اللزوم,نعاس، جفاف فم، دوخة,تجنب القيادة إذا سبب نعاس؛ الحذر مع الجلوكوما وتضخم البروستاتا,بدون وصفة/بوصفة حسب الصرف,المعلومة تعليمية ولا تغني عن النشرة أو استشارة الطبيب/الصيدلي.,EDA EDDB: https://eservices.edaegypt.gov.eg/EDASearch/SearchRegDrugs.aspx | EDA OTC list: https://edaegypt.gov.eg/media/pdzgaksr/otc-list-11-3-2026.pdf | MedlinePlus: https://medlineplus.gov/druginformation.html | NHS medicines: https://www.nhs.uk/medicines/
Myofen,Ibuprofen + Chlorzoxazone,كبسولات,مسكن ومضاد التهاب وباسط عضلات,آلام العضلات والشد العضلي,حسب النشرة/الطبيب، ويفضل بعد الأكل,نعاس، دوخة، حموضة أو ألم معدة,الحذر مع قرحة المعدة والكلى؛ تجنب القيادة إذا حدث نعاس,بوصفة غالبًا,المعلومة تعليمية ولا تغني عن النشرة أو استشارة الطبيب/الصيدلي.,EDA EDDB: https://eservices.edaegypt.gov.eg/EDASearch/SearchRegDrugs.aspx | EDA OTC list: https://edaegypt.gov.eg/media/pdzgaksr/otc-list-11-3-2026.pdf | MedlinePlus: https://medlineplus.gov/druginformation.html | NHS medicines: https://www.nhs.uk/medicines/
Relaxon,Paracetamol + Chlorzoxazone,كبسولات,مسكن وباسط عضلات,تقلصات العضلات وآلام الظهر والرقبة,حسب النشرة/الطبيب,نعاس، دوخة، غثيان,الحذر مع أمراض الكبد؛ لا تجمعه مع باراسيتامول آخر,بوصفة غالبًا,المعلومة تعليمية ولا تغني عن النشرة أو استشارة الطبيب/الصيدلي.,EDA EDDB: https://eservices.edaegypt.gov.eg/EDASearch/SearchRegDrugs.aspx | EDA OTC list: https://edaegypt.gov.eg/media/pdzgaksr/otc-list-11-3-2026.pdf | MedlinePlus: https://medlineplus.gov/druginformation.html | NHS medicines: https://www.nhs.uk/medicines/
Reparil Gel N,Escin + Diethylamine salicylate,جل موضعي,مضاد تورم ومسكن موضعي,الكدمات، التورم، الالتواءات، آلام موضعية,يوضع طبقة خفيفة على المكان المصاب حسب النشرة,احمرار أو تهيج جلدي موضعي,لا يوضع على جروح مفتوحة أو قرب العين؛ أوقفه عند حساسية شديدة,بدون وصفة غالبًا,المعلومة تعليمية ولا تغني عن النشرة أو استشارة الطبيب/الصيدلي.,EDA EDDB: https://eservices.edaegypt.gov.eg/EDASearch/SearchRegDrugs.aspx | EDA OTC list: https://edaegypt.gov.eg/media/pdzgaksr/otc-list-11-3-2026.pdf | MedlinePlus: https://medlineplus.gov/druginformation.html | NHS medicines: https://www.nhs.uk/medicines/
Fastum Gel,Ketoprofen,جل موضعي,NSAID موضعي,آلام العضلات والمفاصل والالتواءات,يوضع موضعيًا حسب النشرة,حساسية أو تهيج جلدي، حساسية للشمس,تجنب الشمس على مكان الاستخدام؛ لا يستخدم على الجروح,بدون وصفة/بوصفة حسب الصرف,المعلومة تعليمية ولا تغني عن النشرة أو استشارة الطبيب/الصيدلي.,EDA EDDB: https://eservices.edaegypt.gov.eg/EDASearch/SearchRegDrugs.aspx | EDA OTC list: https://edaegypt.gov.eg/media/pdzgaksr/otc-list-11-3-2026.pdf | MedlinePlus: https://medlineplus.gov/druginformation.html | NHS medicines: https://www.nhs.uk/medicines/
Congestal,Paracetamol + Pseudoephedrine + Chlorpheniramine,أقراص / شراب,دواء برد واحتقان,أعراض البرد: رشح، احتقان، صداع، حرارة,حسب النشرة؛ لا تجمعه مع باراسيتامول أو مزيلات احتقان أخرى,نعاس، جفاف فم، خفقان، ارتفاع ضغط,الحذر مع الضغط، القلب، الغدة الدرقية، الجلوكوما، تضخم البروستاتا,بدون وصفة غالبًا,المعلومة تعليمية ولا تغني عن النشرة أو استشارة الطبيب/الصيدلي.,EDA EDDB: https://eservices.edaegypt.gov.eg/EDASearch/SearchRegDrugs.aspx | EDA OTC list: https://edaegypt.gov.eg/media/pdzgaksr/otc-list-11-3-2026.pdf | MedlinePlus: https://medlineplus.gov/druginformation.html | NHS medicines: https://www.nhs.uk/medicines/
Cold Free,Paracetamol + مزيل احتقان + مضاد هيستامين ± مكونات كحة حسب الشكل,أقراص,أعراض برد وإنفلونزا,رشح، احتقان، صداع، آلام الجسم، أعراض البرد,حسب النشرة فقط؛ تجنب تكرار الباراسيتامول مع أدوية أخرى,نعاس، جفاف فم، دوخة، خفقان,الحذر مع الضغط والقلب؛ لا يستخدم للأطفال إلا بتوجيه مختص,بدون وصفة غالبًا,المعلومة تعليمية ولا تغني عن النشرة أو استشارة الطبيب/الصيدلي.,EDA EDDB: https://eservices.edaegypt.gov.eg/EDASearch/SearchRegDrugs.aspx | EDA OTC list: https://edaegypt.gov.eg/media/pdzgaksr/otc-list-11-3-2026.pdf | MedlinePlus: https://medlineplus.gov/druginformation.html | NHS medicines: https://www.nhs.uk/medicines/
Flurest N,Paracetamol + Pseudoephedrine + Chlorpheniramine ± Caffeine حسب الشكل,أقراص,أعراض برد,احتقان ورشح وصداع وارتفاع حرارة,حسب النشرة؛ لا تتجاوز جرعة الباراسيتامول اليومية,نعاس أو أرق، جفاف فم، خفقان,الحذر مع الضغط والقلب وفرط نشاط الغدة الدرقية,بدون وصفة غالبًا,المعلومة تعليمية ولا تغني عن النشرة أو استشارة الطبيب/الصيدلي.,EDA EDDB: https://eservices.edaegypt.gov.eg/EDASearch/SearchRegDrugs.aspx | EDA OTC list: https://edaegypt.gov.eg/media/pdzgaksr/otc-list-11-3-2026.pdf | MedlinePlus: https://medlineplus.gov/druginformation.html | NHS medicines: https://www.nhs.uk/medicines/
Rhinopront,Carbinoxamine + Phenylephrine/Pseudoephedrine حسب الشكل,كبسولات / شراب,مزيل احتقان ومضاد حساسية,انسداد الأنف والرشح المرتبط بالبرد أو الحساسية,حسب النشرة/الطبيب,نعاس، جفاف فم، خفقان,الحذر مع الضغط والقلب والجلوكوما؛ قد يسبب نعاس,بدون وصفة/بوصفة حسب الشكل,المعلومة تعليمية ولا تغني عن النشرة أو استشارة الطبيب/الصيدلي.,EDA EDDB: https://eservices.edaegypt.gov.eg/EDASearch/SearchRegDrugs.aspx | EDA OTC list: https://edaegypt.gov.eg/media/pdzgaksr/otc-list-11-3-2026.pdf | MedlinePlus: https://medlineplus.gov/druginformation.html | NHS medicines: https://www.nhs.uk/medicines/
Claritine,Loratadine,أقراص / شراب,مضاد هيستامين غير مسبب للنعاس غالبًا,حساسية الأنف، الرشح التحسسي، العطس، الحكة,للبالغين غالبًا 10 مجم مرة يوميًا حسب النشرة,صداع، جفاف فم، نعاس قليل,الحذر في أمراض الكبد؛ راجع الطبيب للحمل والرضاعة,بدون وصفة غالبًا,المعلومة تعليمية ولا تغني عن النشرة أو استشارة الطبيب/الصيدلي.,EDA EDDB: https://eservices.edaegypt.gov.eg/EDASearch/SearchRegDrugs.aspx | EDA OTC list: https://edaegypt.gov.eg/media/pdzgaksr/otc-list-11-3-2026.pdf | MedlinePlus: https://medlineplus.gov/druginformation.html | NHS medicines: https://www.nhs.uk/medicines/
Zyrtec,Cetirizine,أقراص / نقط / شراب,مضاد هيستامين,حساسية الأنف والجلد والحكة والارتكاريا,للبالغين غالبًا 10 مجم مرة يوميًا حسب النشرة,نعاس، جفاف فم، صداع,قد يسبب نعاس؛ الحذر مع القيادة والكلى,بدون وصفة غالبًا,المعلومة تعليمية ولا تغني عن النشرة أو استشارة الطبيب/الصيدلي.,EDA EDDB: https://eservices.edaegypt.gov.eg/EDASearch/SearchRegDrugs.aspx | EDA OTC list: https://edaegypt.gov.eg/media/pdzgaksr/otc-list-11-3-2026.pdf | MedlinePlus: https://medlineplus.gov/druginformation.html | NHS medicines: https://www.nhs.uk/medicines/
Telfast,Fexofenadine,أقراص / شراب,مضاد هيستامين غير مسبب للنعاس غالبًا,حساسية الأنف الموسمية والارتكاريا,غالبًا 120 أو 180 مجم مرة يوميًا للبالغين حسب الحالة والنشرة,صداع، غثيان، دوخة,تجنب تناوله مع عصائر فواكه معينة حول وقت الجرعة؛ الحذر مع الكلى,بدون وصفة/بوصفة حسب التركيز,المعلومة تعليمية ولا تغني عن النشرة أو استشارة الطبيب/الصيدلي.,EDA EDDB: https://eservices.edaegypt.gov.eg/EDASearch/SearchRegDrugs.aspx | EDA OTC list: https://edaegypt.gov.eg/media/pdzgaksr/otc-list-11-3-2026.pdf | MedlinePlus: https://medlineplus.gov/druginformation.html | NHS medicines: https://www.nhs.uk/medicines/
Aerius,Desloratadine,أقراص / شراب,مضاد هيستامين,حساسية الأنف والارتكاريا والحكة,للبالغين غالبًا 5 مجم مرة يوميًا حسب النشرة,صداع، جفاف فم، إرهاق,استشر الطبيب في الحمل والرضاعة أو أمراض الكبد/الكلى,بدون وصفة/بوصفة حسب الصرف,المعلومة تعليمية ولا تغني عن النشرة أو استشارة الطبيب/الصيدلي.,EDA EDDB: https://eservices.edaegypt.gov.eg/EDASearch/SearchRegDrugs.aspx | EDA OTC list: https://edaegypt.gov.eg/media/pdzgaksr/otc-list-11-3-2026.pdf | MedlinePlus: https://medlineplus.gov/druginformation.html | NHS medicines: https://www.nhs.uk/medicines/
Fenistil,Dimetindene maleate,نقط / جل,مضاد هيستامين,حساسية، حكة جلدية، لدغات حشرات؛ الجل للحكة الموضعية,حسب الشكل والعمر؛ اتبع النشرة بدقة,نعاس مع النقط، جفاف فم، تهيج جلدي مع الجل,الحذر للأطفال الصغار؛ لا يستخدم على مساحات كبيرة بدون استشارة,بدون وصفة غالبًا,المعلومة تعليمية ولا تغني عن النشرة أو استشارة الطبيب/الصيدلي.,EDA EDDB: https://eservices.edaegypt.gov.eg/EDASearch/SearchRegDrugs.aspx | EDA OTC list: https://edaegypt.gov.eg/media/pdzgaksr/otc-list-11-3-2026.pdf | MedlinePlus: https://medlineplus.gov/druginformation.html | NHS medicines: https://www.nhs.uk/medicines/
Otrivin,Xylometazoline,نقط / بخاخ أنف,مزيل احتقان موضعي,انسداد الأنف المؤقت مع البرد أو الحساسية,بخاخ/نقط حسب النشرة لمدة قصيرة لا تتجاوز غالبًا 3-5 أيام,جفاف أو حرقان بالأنف، عطس,لا يستخدم لفترة طويلة حتى لا يسبب احتقان ارتدادي؛ الحذر مع الضغط,بدون وصفة غالبًا,المعلومة تعليمية ولا تغني عن النشرة أو استشارة الطبيب/الصيدلي.,EDA EDDB: https://eservices.edaegypt.gov.eg/EDASearch/SearchRegDrugs.aspx | EDA OTC list: https://edaegypt.gov.eg/media/pdzgaksr/otc-list-11-3-2026.pdf | MedlinePlus: https://medlineplus.gov/druginformation.html | NHS medicines: https://www.nhs.uk/medicines/
Avamys,Fluticasone furoate,بخاخ أنف,كورتيكوستيرويد موضعي للأنف,حساسية الأنف المزمنة أو الموسمية,حسب وصف الطبيب؛ يحتاج استخدامًا منتظمًا,نزيف بسيط من الأنف، جفاف أو تهيج,لا يستخدم عشوائيًا؛ أخبر الطبيب عند عدوى أنفية أو استخدام كورتيزون آخر,بوصفة غالبًا,المعلومة تعليمية ولا تغني عن النشرة أو استشارة الطبيب/الصيدلي.,EDA EDDB: https://eservices.edaegypt.gov.eg/EDASearch/SearchRegDrugs.aspx | EDA OTC list: https://edaegypt.gov.eg/media/pdzgaksr/otc-list-11-3-2026.pdf | MedlinePlus: https://medlineplus.gov/druginformation.html | NHS medicines: https://www.nhs.uk/medicines/
Rhinocort,Budesonide,بخاخ أنف,كورتيكوستيرويد موضعي,حساسية الأنف والانسداد التحسسي,حسب وصف الطبيب/النشرة,تهيج أو جفاف الأنف، نزيف بسيط,يحتاج متابعة إذا استخدم لفترات طويلة؛ الحذر مع العدوى,بوصفة غالبًا,المعلومة تعليمية ولا تغني عن النشرة أو استشارة الطبيب/الصيدلي.,EDA EDDB: https://eservices.edaegypt.gov.eg/EDASearch/SearchRegDrugs.aspx | EDA OTC list: https://edaegypt.gov.eg/media/pdzgaksr/otc-list-11-3-2026.pdf | MedlinePlus: https://medlineplus.gov/druginformation.html | NHS medicines: https://www.nhs.uk/medicines/
Strepsils,"Amylmetacresol + 2,4-Dichlorobenzyl alcohol",استحلاب,مطهر للحلق,التهاب واحتقان الحلق البسيط,قرص استحلاب حسب النشرة مع عدم تجاوز الجرعة,تهيج فم أو حساسية نادرة,لا يغني عن الطبيب إذا وجدت حرارة عالية أو صعوبة بلع أو أعراض شديدة,بدون وصفة غالبًا,المعلومة تعليمية ولا تغني عن النشرة أو استشارة الطبيب/الصيدلي.,EDA EDDB: https://eservices.edaegypt.gov.eg/EDASearch/SearchRegDrugs.aspx | EDA OTC list: https://edaegypt.gov.eg/media/pdzgaksr/otc-list-11-3-2026.pdf | MedlinePlus: https://medlineplus.gov/druginformation.html | NHS medicines: https://www.nhs.uk/medicines/
Tantum Verde,Benzydamine hydrochloride,غرغرة / بخاخ / استحلاب,مسكن ومضاد التهاب موضعي للفم والحلق,التهاب الحلق، قرح الفم، ألم الفم,حسب الشكل والنشرة,تنميل أو حرقان موضعي، جفاف فم,لا يبلع محلول الغرغرة؛ تجنب الاستخدام عند حساسية للمادة الفعالة,بدون وصفة غالبًا,المعلومة تعليمية ولا تغني عن النشرة أو استشارة الطبيب/الصيدلي.,EDA EDDB: https://eservices.edaegypt.gov.eg/EDASearch/SearchRegDrugs.aspx | EDA OTC list: https://edaegypt.gov.eg/media/pdzgaksr/otc-list-11-3-2026.pdf | MedlinePlus: https://medlineplus.gov/druginformation.html | NHS medicines: https://www.nhs.uk/medicines/
Betadine Gargle,Povidone iodine,غرغرة,مطهر للفم والحلق,التهاب الحلق البسيط والعناية الفموية المؤقتة,يخفف/يستخدم حسب النشرة ولا يبلع,تهيج موضعي، طعم غير مستحب,الحذر مع أمراض الغدة الدرقية أو حساسية اليود أو الحمل إلا باستشارة,بدون وصفة غالبًا,المعلومة تعليمية ولا تغني عن النشرة أو استشارة الطبيب/الصيدلي.,EDA EDDB: https://eservices.edaegypt.gov.eg/EDASearch/SearchRegDrugs.aspx | EDA OTC list: https://edaegypt.gov.eg/media/pdzgaksr/otc-list-11-3-2026.pdf | MedlinePlus: https://medlineplus.gov/druginformation.html | NHS medicines: https://www.nhs.uk/medicines/
Controloc,Pantoprazole,أقراص / فيال,مثبط مضخة البروتون PPI,الحموضة، ارتجاع المريء، قرحة المعدة حسب التشخيص,غالبًا يؤخذ قبل الأكل؛ الجرعة يحددها الطبيب حسب الحالة,صداع، إسهال أو إمساك، ألم بطن,لا يستخدم طويلًا بدون متابعة؛ راجع الطبيب عند قيء دموي أو نقص وزن أو صعوبة بلع,بوصفة/بدون حسب التركيز,المعلومة تعليمية ولا تغني عن النشرة أو استشارة الطبيب/الصيدلي.,EDA EDDB: https://eservices.edaegypt.gov.eg/EDASearch/SearchRegDrugs.aspx | EDA OTC list: https://edaegypt.gov.eg/media/pdzgaksr/otc-list-11-3-2026.pdf | MedlinePlus: https://medlineplus.gov/druginformation.html | NHS medicines: https://www.nhs.uk/medicines/
Nexium,Esomeprazole,أقراص / أكياس / فيال,PPI,ارتجاع المريء والحموضة وقرح المعدة,حسب الطبيب؛ غالبًا قبل الأكل,صداع، غثيان، إسهال أو إمساك,الاستخدام الطويل يحتاج متابعة؛ قد يتداخل مع بعض الأدوية,بوصفة/بدون حسب التركيز,المعلومة تعليمية ولا تغني عن النشرة أو استشارة الطبيب/الصيدلي.,EDA EDDB: https://eservices.edaegypt.gov.eg/EDASearch/SearchRegDrugs.aspx | EDA OTC list: https://edaegypt.gov.eg/media/pdzgaksr/otc-list-11-3-2026.pdf | MedlinePlus: https://medlineplus.gov/druginformation.html | NHS medicines: https://www.nhs.uk/medicines/
Losec,Omeprazole,كبسولات,PPI,حموضة وارتجاع وقرحة معدة,حسب النشرة/الطبيب؛ غالبًا قبل الإفطار,صداع، اضطراب معدة، غثيان,استشر الطبيب عند أعراض إنذار مثل نزف أو صعوبة بلع؛ لا تطل الاستخدام ذاتيًا,بدون وصفة لبعض الحالات/بوصفة,المعلومة تعليمية ولا تغني عن النشرة أو استشارة الطبيب/الصيدلي.,EDA EDDB: https://eservices.edaegypt.gov.eg/EDASearch/SearchRegDrugs.aspx | EDA OTC list: https://edaegypt.gov.eg/media/pdzgaksr/otc-list-11-3-2026.pdf | MedlinePlus: https://medlineplus.gov/druginformation.html | NHS medicines: https://www.nhs.uk/medicines/
Omepak,Omeprazole,كبسولات,PPI,الحموضة وارتجاع المريء,حسب النشرة؛ غالبًا قبل الأكل,صداع، انتفاخ، اضطراب هضم,راجع الطبيب إذا استمرت الأعراض أو مع نقص وزن/قيء دموي,بدون وصفة/بوصفة حسب الحالة,المعلومة تعليمية ولا تغني عن النشرة أو استشارة الطبيب/الصيدلي.,EDA EDDB: https://eservices.edaegypt.gov.eg/EDASearch/SearchRegDrugs.aspx | EDA OTC list: https://edaegypt.gov.eg/media/pdzgaksr/otc-list-11-3-2026.pdf | MedlinePlus: https://medlineplus.gov/druginformation.html | NHS medicines: https://www.nhs.uk/medicines/
Gaviscon,Sodium alginate + Sodium bicarbonate + Calcium carbonate,شراب / أقراص مضغ,مضاد ارتجاع وحموضة,حموضة وارتجاع بعد الأكل,بعد الأكل وقبل النوم حسب النشرة,انتفاخ، غثيان نادر,الحذر مع تقليل الصوديوم أو أمراض الكلى؛ افصل بينه وبين بعض الأدوية,بدون وصفة غالبًا,المعلومة تعليمية ولا تغني عن النشرة أو استشارة الطبيب/الصيدلي.,EDA EDDB: https://eservices.edaegypt.gov.eg/EDASearch/SearchRegDrugs.aspx | EDA OTC list: https://edaegypt.gov.eg/media/pdzgaksr/otc-list-11-3-2026.pdf | MedlinePlus: https://medlineplus.gov/druginformation.html | NHS medicines: https://www.nhs.uk/medicines/
Maalox,Aluminium hydroxide + Magnesium hydroxide ± Simethicone,شراب / أقراص مضغ,مضاد حموضة,حموضة، عسر هضم، انتفاخ حسب الشكل,حسب النشرة غالبًا بعد الأكل وعند اللزوم,إمساك أو إسهال، طعم طباشيري,افصل ساعتين عن أدوية أخرى؛ الحذر مع أمراض الكلى,بدون وصفة غالبًا,المعلومة تعليمية ولا تغني عن النشرة أو استشارة الطبيب/الصيدلي.,EDA EDDB: https://eservices.edaegypt.gov.eg/EDASearch/SearchRegDrugs.aspx | EDA OTC list: https://edaegypt.gov.eg/media/pdzgaksr/otc-list-11-3-2026.pdf | MedlinePlus: https://medlineplus.gov/druginformation.html | NHS medicines: https://www.nhs.uk/medicines/
Spasmomen,Otilonium bromide,أقراص,مضاد تقلصات للقولون,تقلصات القولون العصبي وآلام البطن التشنجية,حسب الطبيب/النشرة غالبًا قبل الأكل,غثيان، دوخة، جفاف فم نادر,استبعد أسباب الألم الخطيرة؛ راجع الطبيب مع نزف أو حرارة أو فقدان وزن,بوصفة غالبًا,المعلومة تعليمية ولا تغني عن النشرة أو استشارة الطبيب/الصيدلي.,EDA EDDB: https://eservices.edaegypt.gov.eg/EDASearch/SearchRegDrugs.aspx | EDA OTC list: https://edaegypt.gov.eg/media/pdzgaksr/otc-list-11-3-2026.pdf | MedlinePlus: https://medlineplus.gov/druginformation.html | NHS medicines: https://www.nhs.uk/medicines/
Buscopan,Hyoscine butylbromide,أقراص / حقن,مضاد تقلصات,مغص وتقلصات الجهاز الهضمي أو المرارة/المسالك حسب التشخيص,حسب النشرة/الطبيب؛ الحقن بواسطة مختص,جفاف فم، دوخة، زغللة,الحذر مع الجلوكوما وتضخم البروستاتا وانسداد الأمعاء,بدون وصفة للأقراص/بوصفة للحقن غالبًا,المعلومة تعليمية ولا تغني عن النشرة أو استشارة الطبيب/الصيدلي.,EDA EDDB: https://eservices.edaegypt.gov.eg/EDASearch/SearchRegDrugs.aspx | EDA OTC list: https://edaegypt.gov.eg/media/pdzgaksr/otc-list-11-3-2026.pdf | MedlinePlus: https://medlineplus.gov/druginformation.html | NHS medicines: https://www.nhs.uk/medicines/
Colona,Mebeverine + Sulpiride,أقراص,مضاد تقلصات ومنظم للقولون,أعراض القولون العصبي المصحوبة بتوتر أو تقلصات,حسب وصف الطبيب,نعاس، دوخة، اضطرابات هرمونية نادرة مع السلبرايد,لا يستخدم عشوائيًا؛ الحذر مع أدوية نفسية أو تاريخ اضطرابات هرمونية,بوصفة,المعلومة تعليمية ولا تغني عن النشرة أو استشارة الطبيب/الصيدلي.,EDA EDDB: https://eservices.edaegypt.gov.eg/EDASearch/SearchRegDrugs.aspx | EDA OTC list: https://edaegypt.gov.eg/media/pdzgaksr/otc-list-11-3-2026.pdf | MedlinePlus: https://medlineplus.gov/druginformation.html | NHS medicines: https://www.nhs.uk/medicines/
Duspatalin,Mebeverine,أقراص / كبسولات ممتدة,مضاد تقلصات,القولون العصبي والتقلصات المعوية,حسب النشرة/الطبيب، غالبًا قبل الأكل,غثيان، صداع، حساسية نادرة,راجع الطبيب عند أعراض إنذار مثل دم بالبراز أو فقدان وزن,بدون وصفة/بوصفة حسب الصرف,المعلومة تعليمية ولا تغني عن النشرة أو استشارة الطبيب/الصيدلي.,EDA EDDB: https://eservices.edaegypt.gov.eg/EDASearch/SearchRegDrugs.aspx | EDA OTC list: https://edaegypt.gov.eg/media/pdzgaksr/otc-list-11-3-2026.pdf | MedlinePlus: https://medlineplus.gov/druginformation.html | NHS medicines: https://www.nhs.uk/medicines/
Motilium,Domperidone,أقراص / شراب,مضاد قيء ومحفز حركة المعدة,غثيان وقيء وبطء تفريغ المعدة حسب التشخيص,يستخدم لأقصر مدة ممكنة حسب الطبيب,جفاف فم، تقلصات، صداع,قد يؤثر على نظم القلب؛ الحذر مع أمراض القلب وبعض المضادات الحيوية/الفطريات,بوصفة غالبًا,المعلومة تعليمية ولا تغني عن النشرة أو استشارة الطبيب/الصيدلي.,EDA EDDB: https://eservices.edaegypt.gov.eg/EDASearch/SearchRegDrugs.aspx | EDA OTC list: https://edaegypt.gov.eg/media/pdzgaksr/otc-list-11-3-2026.pdf | MedlinePlus: https://medlineplus.gov/druginformation.html | NHS medicines: https://www.nhs.uk/medicines/
Primperan,Metoclopramide,أقراص / نقط / حقن,مضاد قيء,الغثيان والقيء حسب السبب,حسب وصف الطبيب؛ الاستخدام قصير المدة,نعاس، أرق، إسهال، أعراض حركية لا إرادية,الحذر في الصرع وباركنسون والأطفال؛ لا يستخدم طويلًا بدون متابعة,بوصفة,المعلومة تعليمية ولا تغني عن النشرة أو استشارة الطبيب/الصيدلي.,EDA EDDB: https://eservices.edaegypt.gov.eg/EDASearch/SearchRegDrugs.aspx | EDA OTC list: https://edaegypt.gov.eg/media/pdzgaksr/otc-list-11-3-2026.pdf | MedlinePlus: https://medlineplus.gov/druginformation.html | NHS medicines: https://www.nhs.uk/medicines/
Eucarbon,Activated charcoal + Senna + Sulfur + مكونات نباتية,أقراص,مساعد للهضم وملين خفيف,انتفاخ وإمساك بسيط,حسب النشرة وعند اللزوم,مغص، إسهال، تغير لون البراز,لا يستخدم مع انسداد أمعاء أو لفترات طويلة؛ افصل عن أدوية أخرى,بدون وصفة غالبًا,المعلومة تعليمية ولا تغني عن النشرة أو استشارة الطبيب/الصيدلي.,EDA EDDB: https://eservices.edaegypt.gov.eg/EDASearch/SearchRegDrugs.aspx | EDA OTC list: https://edaegypt.gov.eg/media/pdzgaksr/otc-list-11-3-2026.pdf | MedlinePlus: https://medlineplus.gov/druginformation.html | NHS medicines: https://www.nhs.uk/medicines/
Duphalac,Lactulose,شراب,ملين أسموزي,الإمساك؛ وأحيانًا حالات كبدية بوصفة,للإمساك حسب النشرة؛ جرعات أمراض الكبد يحددها الطبيب,انتفاخ، غازات، مغص، إسهال عند زيادة الجرعة,اشرب سوائل كافية؛ راجع الطبيب مع ألم شديد أو إمساك مزمن,بدون وصفة/بوصفة حسب الحالة,المعلومة تعليمية ولا تغني عن النشرة أو استشارة الطبيب/الصيدلي.,EDA EDDB: https://eservices.edaegypt.gov.eg/EDASearch/SearchRegDrugs.aspx | EDA OTC list: https://edaegypt.gov.eg/media/pdzgaksr/otc-list-11-3-2026.pdf | MedlinePlus: https://medlineplus.gov/druginformation.html | NHS medicines: https://www.nhs.uk/medicines/
Smecta,Diosmectite,أكياس,مضاد إسهال ممتص,الإسهال الحاد أو المزمن كمساعد,حسب النشرة؛ مهم تعويض السوائل,إمساك، انتفاخ,لا يغني عن محلول الجفاف؛ راجع الطبيب مع دم بالبراز أو حرارة أو جفاف,بدون وصفة غالبًا,المعلومة تعليمية ولا تغني عن النشرة أو استشارة الطبيب/الصيدلي.,EDA EDDB: https://eservices.edaegypt.gov.eg/EDASearch/SearchRegDrugs.aspx | EDA OTC list: https://edaegypt.gov.eg/media/pdzgaksr/otc-list-11-3-2026.pdf | MedlinePlus: https://medlineplus.gov/druginformation.html | NHS medicines: https://www.nhs.uk/medicines/
Antinal,Nifuroxazide,كبسولات / شراب,مطهر معوي,إسهال بكتيري غير مصحوب بمضاعفات حسب تقييم الطبيب/الصيدلي,حسب النشرة/الطبيب؛ مع تعويض السوائل,غثيان، ألم بطن، حساسية نادرة,راجع الطبيب عند جفاف، دم بالبراز، حرارة عالية، أو إسهال مستمر,بدون وصفة/بوصفة حسب الصرف,المعلومة تعليمية ولا تغني عن النشرة أو استشارة الطبيب/الصيدلي.,EDA EDDB: https://eservices.edaegypt.gov.eg/EDASearch/SearchRegDrugs.aspx | EDA OTC list: https://edaegypt.gov.eg/media/pdzgaksr/otc-list-11-3-2026.pdf | MedlinePlus: https://medlineplus.gov/druginformation.html | NHS medicines: https://www.nhs.uk/medicines/
Flagyl,Metronidazole,أقراص / شراب / حقن,مضاد بكتيري/طفيليات,عدوى لاهوائية وبعض الطفيليات حسب التشخيص,بوصفة فقط؛ تختلف الجرعة حسب نوع العدوى,غثيان، طعم معدني، ألم بطن، صداع,تجنب الكحول أثناء العلاج وبعده فترة؛ أكمل الكورس ولا يستخدم للبرد,بوصفة,المعلومة تعليمية ولا تغني عن النشرة أو استشارة الطبيب/الصيدلي.,EDA EDDB: https://eservices.edaegypt.gov.eg/EDASearch/SearchRegDrugs.aspx | EDA OTC list: https://edaegypt.gov.eg/media/pdzgaksr/otc-list-11-3-2026.pdf | MedlinePlus: https://medlineplus.gov/druginformation.html | NHS medicines: https://www.nhs.uk/medicines/
Entocid,Diloxanide furoate + Metronidazole,أقراص,مضاد أميبا/مطهر معوي,الأميبا وبعض العدوى المعوية حسب التحليل/التشخيص,بوصفة فقط وحسب الطبيب,غثيان، طعم معدني، مغص,تجنب الكحول؛ لا يستخدم عشوائيًا أو للأطفال إلا بوصفة,بوصفة,المعلومة تعليمية ولا تغني عن النشرة أو استشارة الطبيب/الصيدلي.,EDA EDDB: https://eservices.edaegypt.gov.eg/EDASearch/SearchRegDrugs.aspx | EDA OTC list: https://edaegypt.gov.eg/media/pdzgaksr/otc-list-11-3-2026.pdf | MedlinePlus: https://medlineplus.gov/druginformation.html | NHS medicines: https://www.nhs.uk/medicines/
Imodium,Loperamide,كبسولات,مضاد إسهال,إسهال حاد غير مصحوب بدم أو حرارة,حسب النشرة؛ لا تتجاوز الجرعة المحددة,إمساك، دوخة، انتفاخ,ممنوع عند إسهال دموي أو حرارة عالية أو اشتباه تسمم/عدوى شديدة,بدون وصفة غالبًا,المعلومة تعليمية ولا تغني عن النشرة أو استشارة الطبيب/الصيدلي.,EDA EDDB: https://eservices.edaegypt.gov.eg/EDASearch/SearchRegDrugs.aspx | EDA OTC list: https://edaegypt.gov.eg/media/pdzgaksr/otc-list-11-3-2026.pdf | MedlinePlus: https://medlineplus.gov/druginformation.html | NHS medicines: https://www.nhs.uk/medicines/
Augmentin,Amoxicillin + Clavulanic acid,أقراص / شراب / حقن,مضاد حيوي بنسلين,التهابات بكتيرية مثل الجيوب، الأسنان، الصدر، الجلد حسب التشخيص,بوصفة فقط؛ الجرعة حسب السن والوزن ونوع العدوى,إسهال، غثيان، طفح، فطريات,لا يستخدم للبرد/الفيروسات؛ أخبر الطبيب عن حساسية البنسلين؛ أكمل الكورس,بوصفة,المعلومة تعليمية ولا تغني عن النشرة أو استشارة الطبيب/الصيدلي.,EDA EDDB: https://eservices.edaegypt.gov.eg/EDASearch/SearchRegDrugs.aspx | EDA OTC list: https://edaegypt.gov.eg/media/pdzgaksr/otc-list-11-3-2026.pdf | MedlinePlus: https://medlineplus.gov/druginformation.html | NHS medicines: https://www.nhs.uk/medicines/
Hibiotic,Amoxicillin + Clavulanic acid,أقراص / شراب,مضاد حيوي,عدوى بكتيرية مختلفة حسب قرار الطبيب,بوصفة فقط حسب العدوى والسن والوزن,إسهال، غثيان، طفح,حساسية البنسلين مانع مهم؛ لا يكرر بدون طبيب,بوصفة,المعلومة تعليمية ولا تغني عن النشرة أو استشارة الطبيب/الصيدلي.,EDA EDDB: https://eservices.edaegypt.gov.eg/EDASearch/SearchRegDrugs.aspx | EDA OTC list: https://edaegypt.gov.eg/media/pdzgaksr/otc-list-11-3-2026.pdf | MedlinePlus: https://medlineplus.gov/druginformation.html | NHS medicines: https://www.nhs.uk/medicines/
Curam,Amoxicillin + Clavulanic acid,أقراص / شراب,مضاد حيوي,التهابات بكتيرية بالجهاز التنفسي أو الأسنان أو الجلد حسب التشخيص,بوصفة فقط,إسهال، غثيان، ألم بطن، طفح,الحذر مع حساسية البنسلين أو مشاكل كبد سابقة مع الدواء,بوصفة,المعلومة تعليمية ولا تغني عن النشرة أو استشارة الطبيب/الصيدلي.,EDA EDDB: https://eservices.edaegypt.gov.eg/EDASearch/SearchRegDrugs.aspx | EDA OTC list: https://edaegypt.gov.eg/media/pdzgaksr/otc-list-11-3-2026.pdf | MedlinePlus: https://medlineplus.gov/druginformation.html | NHS medicines: https://www.nhs.uk/medicines/
Ospamox,Amoxicillin,كبسولات / شراب,مضاد حيوي بنسلين,التهابات بكتيرية حساسة للأموكسيسيلين,بوصفة فقط حسب نوع العدوى,غثيان، إسهال، طفح,ممنوع مع حساسية البنسلين؛ لا يستخدم للفيروسات,بوصفة,المعلومة تعليمية ولا تغني عن النشرة أو استشارة الطبيب/الصيدلي.,EDA EDDB: https://eservices.edaegypt.gov.eg/EDASearch/SearchRegDrugs.aspx | EDA OTC list: https://edaegypt.gov.eg/media/pdzgaksr/otc-list-11-3-2026.pdf | MedlinePlus: https://medlineplus.gov/druginformation.html | NHS medicines: https://www.nhs.uk/medicines/
Velosef,Cephalexin,كبسولات / شراب,مضاد حيوي سيفالوسبورين,عدوى جلدية، حلقية، بولية حسب التشخيص,بوصفة فقط حسب العدوى,إسهال، غثيان، طفح,أخبر الطبيب عن حساسية شديدة للبنسلين/السيفالوسبورين,بوصفة,المعلومة تعليمية ولا تغني عن النشرة أو استشارة الطبيب/الصيدلي.,EDA EDDB: https://eservices.edaegypt.gov.eg/EDASearch/SearchRegDrugs.aspx | EDA OTC list: https://edaegypt.gov.eg/media/pdzgaksr/otc-list-11-3-2026.pdf | MedlinePlus: https://medlineplus.gov/druginformation.html | NHS medicines: https://www.nhs.uk/medicines/
Zinnat,Cefuroxime axetil,أقراص / شراب,مضاد حيوي سيفالوسبورين,التهابات الجهاز التنفسي، الجيوب، الجلد، البول حسب التشخيص,بوصفة فقط,إسهال، غثيان، صداع,لا يستخدم للبرد؛ أكمل الكورس؛ الحذر مع الحساسية,بوصفة,المعلومة تعليمية ولا تغني عن النشرة أو استشارة الطبيب/الصيدلي.,EDA EDDB: https://eservices.edaegypt.gov.eg/EDASearch/SearchRegDrugs.aspx | EDA OTC list: https://edaegypt.gov.eg/media/pdzgaksr/otc-list-11-3-2026.pdf | MedlinePlus: https://medlineplus.gov/druginformation.html | NHS medicines: https://www.nhs.uk/medicines/
Suprax,Cefixime,كبسولات / شراب,مضاد حيوي سيفالوسبورين,عدوى بكتيرية مختارة مثل بعض التهابات الجهاز التنفسي/البول حسب الطبيب,بوصفة فقط,إسهال، غثيان، ألم بطن,الحذر مع حساسية السيفالوسبورين؛ لا يستخدم عشوائيًا,بوصفة,المعلومة تعليمية ولا تغني عن النشرة أو استشارة الطبيب/الصيدلي.,EDA EDDB: https://eservices.edaegypt.gov.eg/EDASearch/SearchRegDrugs.aspx | EDA OTC list: https://edaegypt.gov.eg/media/pdzgaksr/otc-list-11-3-2026.pdf | MedlinePlus: https://medlineplus.gov/druginformation.html | NHS medicines: https://www.nhs.uk/medicines/
Zithromax,Azithromycin,أقراص / شراب,مضاد حيوي ماكرولايد,التهابات بكتيرية تنفسية أو جلدية أو تناسلية حسب التشخيص,بوصفة فقط؛ نظام الجرعات يختلف حسب العدوى,غثيان، إسهال، ألم بطن,الحذر مع اضطراب نظم القلب وبعض أدوية القلب؛ لا يستخدم للفيروسات,بوصفة,المعلومة تعليمية ولا تغني عن النشرة أو استشارة الطبيب/الصيدلي.,EDA EDDB: https://eservices.edaegypt.gov.eg/EDASearch/SearchRegDrugs.aspx | EDA OTC list: https://edaegypt.gov.eg/media/pdzgaksr/otc-list-11-3-2026.pdf | MedlinePlus: https://medlineplus.gov/druginformation.html | NHS medicines: https://www.nhs.uk/medicines/
Klacid,Clarithromycin,أقراص / شراب,مضاد حيوي ماكرولايد,عدوى تنفسية أو جلدية، وضمن علاج جرثومة المعدة بوصفة,بوصفة فقط,طعم معدني، غثيان، إسهال,تداخلات كثيرة مع أدوية القلب والكوليسترول؛ أخبر الطبيب بكل أدويتك,بوصفة,المعلومة تعليمية ولا تغني عن النشرة أو استشارة الطبيب/الصيدلي.,EDA EDDB: https://eservices.edaegypt.gov.eg/EDASearch/SearchRegDrugs.aspx | EDA OTC list: https://edaegypt.gov.eg/media/pdzgaksr/otc-list-11-3-2026.pdf | MedlinePlus: https://medlineplus.gov/druginformation.html | NHS medicines: https://www.nhs.uk/medicines/
Tavanic,Levofloxacin,أقراص / محلول,مضاد حيوي فلوروكينولون,عدوى بكتيرية محددة عندما يقرر الطبيب,بوصفة فقط,غثيان، دوخة، إسهال، ألم أو التهاب أوتار نادر,يُتجنب إلا عند الحاجة؛ الحذر مع الأوتار، القلب، السكر، الحمل,بوصفة,المعلومة تعليمية ولا تغني عن النشرة أو استشارة الطبيب/الصيدلي.,EDA EDDB: https://eservices.edaegypt.gov.eg/EDASearch/SearchRegDrugs.aspx | EDA OTC list: https://edaegypt.gov.eg/media/pdzgaksr/otc-list-11-3-2026.pdf | MedlinePlus: https://medlineplus.gov/druginformation.html | NHS medicines: https://www.nhs.uk/medicines/
Ciprofar,Ciprofloxacin,أقراص / نقط,فلوروكينولون,التهابات بولية/معوية أو عدوى أخرى حسب التحليل والتشخيص,بوصفة فقط,غثيان، إسهال، دوخة، حساسية للشمس,الحذر مع الأوتار والقلب والتداخلات؛ لا يستخدم عشوائيًا,بوصفة,المعلومة تعليمية ولا تغني عن النشرة أو استشارة الطبيب/الصيدلي.,EDA EDDB: https://eservices.edaegypt.gov.eg/EDASearch/SearchRegDrugs.aspx | EDA OTC list: https://edaegypt.gov.eg/media/pdzgaksr/otc-list-11-3-2026.pdf | MedlinePlus: https://medlineplus.gov/druginformation.html | NHS medicines: https://www.nhs.uk/medicines/
Vibramycin,Doxycycline,كبسولات,مضاد حيوي تتراسيكلين,حب شباب، عدوى تنفسية أو جلدية أو بعض العدوى المنقولة حسب الطبيب,بوصفة فقط,غثيان، حموضة، حساسية للشمس,لا يناسب الحمل والأطفال الصغار غالبًا؛ يؤخذ مع ماء كافٍ ولا يستلقى بعده مباشرة,بوصفة,المعلومة تعليمية ولا تغني عن النشرة أو استشارة الطبيب/الصيدلي.,EDA EDDB: https://eservices.edaegypt.gov.eg/EDASearch/SearchRegDrugs.aspx | EDA OTC list: https://edaegypt.gov.eg/media/pdzgaksr/otc-list-11-3-2026.pdf | MedlinePlus: https://medlineplus.gov/druginformation.html | NHS medicines: https://www.nhs.uk/medicines/
Dalacin C,Clindamycin,كبسولات / حقن,مضاد حيوي لينكوساميد,عدوى جلدية، أسنان، عظام أو لاهوائية حسب الطبيب,بوصفة فقط,إسهال، غثيان، طفح,راجع الطبيب فورًا عند إسهال شديد/دموي؛ لا يستخدم دون وصفة,بوصفة,المعلومة تعليمية ولا تغني عن النشرة أو استشارة الطبيب/الصيدلي.,EDA EDDB: https://eservices.edaegypt.gov.eg/EDASearch/SearchRegDrugs.aspx | EDA OTC list: https://edaegypt.gov.eg/media/pdzgaksr/otc-list-11-3-2026.pdf | MedlinePlus: https://medlineplus.gov/druginformation.html | NHS medicines: https://www.nhs.uk/medicines/
Macrobid,Nitrofurantoin,كبسولات,مضاد حيوي للمسالك البولية,التهاب المثانة البكتيري غير المعقد حسب الطبيب,بوصفة فقط,غثيان، صداع، تغير لون البول,لا يستخدم مع قصور كلوي شديد؛ ليس لكل أنواع عدوى البول,بوصفة,المعلومة تعليمية ولا تغني عن النشرة أو استشارة الطبيب/الصيدلي.,EDA EDDB: https://eservices.edaegypt.gov.eg/EDASearch/SearchRegDrugs.aspx | EDA OTC list: https://edaegypt.gov.eg/media/pdzgaksr/otc-list-11-3-2026.pdf | MedlinePlus: https://medlineplus.gov/druginformation.html | NHS medicines: https://www.nhs.uk/medicines/
Rocephin,Ceftriaxone,حقن,مضاد حيوي سيفالوسبورين,عدوى بكتيرية متوسطة/شديدة حسب الطبيب,يعطى بواسطة مختص وبوصفة,ألم موضع الحقن، إسهال، طفح,لا يستخدم ذاتيًا؛ الحذر مع الحساسية ومشاكل المرارة/الكبد,بوصفة,المعلومة تعليمية ولا تغني عن النشرة أو استشارة الطبيب/الصيدلي.,EDA EDDB: https://eservices.edaegypt.gov.eg/EDASearch/SearchRegDrugs.aspx | EDA OTC list: https://edaegypt.gov.eg/media/pdzgaksr/otc-list-11-3-2026.pdf | MedlinePlus: https://medlineplus.gov/druginformation.html | NHS medicines: https://www.nhs.uk/medicines/
Ventolin,Salbutamol / Albuterol,بخاخ / محلول نيبيولايزر,موسع شعب قصير المفعول,أزمات الربو أو ضيق الشعب عند اللزوم,حسب خطة الطبيب؛ غالبًا بخاخة إنقاذ عند اللزوم,رعشة، خفقان، صداع، عصبية,إذا احتجته كثيرًا راجع الطبيب؛ اطلب إسعافًا عند ضيق شديد لا يتحسن,بوصفة/بدون حسب الصرف,المعلومة تعليمية ولا تغني عن النشرة أو استشارة الطبيب/الصيدلي.,EDA EDDB: https://eservices.edaegypt.gov.eg/EDASearch/SearchRegDrugs.aspx | EDA OTC list: https://edaegypt.gov.eg/media/pdzgaksr/otc-list-11-3-2026.pdf | MedlinePlus: https://medlineplus.gov/druginformation.html | NHS medicines: https://www.nhs.uk/medicines/
Seretide,Fluticasone + Salmeterol,بخاخ / ديسكس,كورتيزون مستنشق + موسع شعب طويل,السيطرة على الربو/COPD حسب الخطة,يستخدم بانتظام حسب الطبيب وليس لإسعاف الأزمة الحادة,بحة صوت، فطريات فم، خفقان,اغسل الفم بعد الاستخدام؛ لا يوقف فجأة دون طبيب,بوصفة,المعلومة تعليمية ولا تغني عن النشرة أو استشارة الطبيب/الصيدلي.,EDA EDDB: https://eservices.edaegypt.gov.eg/EDASearch/SearchRegDrugs.aspx | EDA OTC list: https://edaegypt.gov.eg/media/pdzgaksr/otc-list-11-3-2026.pdf | MedlinePlus: https://medlineplus.gov/druginformation.html | NHS medicines: https://www.nhs.uk/medicines/
Symbicort,Budesonide + Formoterol,بخاخ / تربوهيلر,كورتيزون مستنشق + موسع شعب,السيطرة على الربو/COPD حسب وصف الطبيب,حسب خطة الطبيب؛ قد يستخدم كعلاج منتظم أو نظام محدد,رعشة، خفقان، فطريات فم، بحة,اغسل الفم؛ لا تستخدمه بدل بخاخ الإنقاذ إلا إذا وصف الطبيب ذلك,بوصفة,المعلومة تعليمية ولا تغني عن النشرة أو استشارة الطبيب/الصيدلي.,EDA EDDB: https://eservices.edaegypt.gov.eg/EDASearch/SearchRegDrugs.aspx | EDA OTC list: https://edaegypt.gov.eg/media/pdzgaksr/otc-list-11-3-2026.pdf | MedlinePlus: https://medlineplus.gov/druginformation.html | NHS medicines: https://www.nhs.uk/medicines/
Pulmicort,Budesonide,نيبيولايزر / بخاخ,كورتيكوستيرويد مستنشق,التهاب الشعب التحسسي والربو كعلاج وقائي,حسب وصف الطبيب,بحة صوت، فطريات فم، تهيج حلق,اغسل الفم بعد الاستخدام؛ ليس لإسعاف الأزمة الحادة,بوصفة,المعلومة تعليمية ولا تغني عن النشرة أو استشارة الطبيب/الصيدلي.,EDA EDDB: https://eservices.edaegypt.gov.eg/EDASearch/SearchRegDrugs.aspx | EDA OTC list: https://edaegypt.gov.eg/media/pdzgaksr/otc-list-11-3-2026.pdf | MedlinePlus: https://medlineplus.gov/druginformation.html | NHS medicines: https://www.nhs.uk/medicines/
Singulair,Montelukast,أقراص / أكياس,مضاد مستقبلات الليكوترين,الربو التحسسي وحساسية الأنف حسب الطبيب,للبالغين غالبًا مرة يوميًا حسب النشرة/الطبيب,صداع، ألم بطن، تغيرات مزاجية نادرة,راقب أي تغيرات نفسية أو كوابيس/اكتئاب وأبلغ الطبيب,بوصفة,المعلومة تعليمية ولا تغني عن النشرة أو استشارة الطبيب/الصيدلي.,EDA EDDB: https://eservices.edaegypt.gov.eg/EDASearch/SearchRegDrugs.aspx | EDA OTC list: https://edaegypt.gov.eg/media/pdzgaksr/otc-list-11-3-2026.pdf | MedlinePlus: https://medlineplus.gov/druginformation.html | NHS medicines: https://www.nhs.uk/medicines/
Mucosolvan,Ambroxol,شراب / أقراص,مذيب وطارد بلغم,الكحة المصحوبة ببلغم,حسب النشرة والعمر,غثيان، اضطراب معدة، طفح نادر,راجع الطبيب إذا البلغم مصحوب بدم أو حرارة مستمرة أو ضيق نفس,بدون وصفة غالبًا,المعلومة تعليمية ولا تغني عن النشرة أو استشارة الطبيب/الصيدلي.,EDA EDDB: https://eservices.edaegypt.gov.eg/EDASearch/SearchRegDrugs.aspx | EDA OTC list: https://edaegypt.gov.eg/media/pdzgaksr/otc-list-11-3-2026.pdf | MedlinePlus: https://medlineplus.gov/druginformation.html | NHS medicines: https://www.nhs.uk/medicines/
Bisolvon,Bromhexine,شراب / أقراص,مذيب بلغم,الكحة ببلغم ولزوجة الإفرازات,حسب النشرة,غثيان، إسهال، تعرق، طفح,اشرب سوائل كافية؛ راجع الطبيب إذا استمرت الكحة أكثر من عدة أيام,بدون وصفة غالبًا,المعلومة تعليمية ولا تغني عن النشرة أو استشارة الطبيب/الصيدلي.,EDA EDDB: https://eservices.edaegypt.gov.eg/EDASearch/SearchRegDrugs.aspx | EDA OTC list: https://edaegypt.gov.eg/media/pdzgaksr/otc-list-11-3-2026.pdf | MedlinePlus: https://medlineplus.gov/druginformation.html | NHS medicines: https://www.nhs.uk/medicines/
Sinecod,Butamirate,شراب / نقط,مهدئ كحة,الكحة الجافة غير المصحوبة ببلغم,حسب النشرة والعمر,دوخة، غثيان، نعاس خفيف,لا يستخدم مع كحة ببلغم إلا باستشارة؛ راجع الطبيب مع ضيق نفس أو حرارة,بدون وصفة/بوصفة حسب الصرف,المعلومة تعليمية ولا تغني عن النشرة أو استشارة الطبيب/الصيدلي.,EDA EDDB: https://eservices.edaegypt.gov.eg/EDASearch/SearchRegDrugs.aspx | EDA OTC list: https://edaegypt.gov.eg/media/pdzgaksr/otc-list-11-3-2026.pdf | MedlinePlus: https://medlineplus.gov/druginformation.html | NHS medicines: https://www.nhs.uk/medicines/
Bronchicum,Thyme extract + مكونات نباتية حسب الشكل,شراب / استحلاب,مستحضر عشبي للكحة,تهدئة الكحة والمساعدة في طرد البلغم,حسب النشرة,اضطراب معدة أو حساسية نادرة,الحذر مع الحساسية النباتية؛ راجع الطبيب للأطفال أو استمرار الأعراض,بدون وصفة غالبًا,المعلومة تعليمية ولا تغني عن النشرة أو استشارة الطبيب/الصيدلي.,EDA EDDB: https://eservices.edaegypt.gov.eg/EDASearch/SearchRegDrugs.aspx | EDA OTC list: https://edaegypt.gov.eg/media/pdzgaksr/otc-list-11-3-2026.pdf | MedlinePlus: https://medlineplus.gov/druginformation.html | NHS medicines: https://www.nhs.uk/medicines/
Fluimucil,Acetylcysteine,أكياس / أقراص فوارة,مذيب بلغم,البلغم اللزج في نزلات الشعب أو الأمراض التنفسية حسب الطبيب,حسب النشرة/الطبيب,غثيان، رائحة/طعم كبريتي، طفح نادر,الحذر مع قرحة المعدة والربو؛ لا يستخدم للأطفال إلا حسب النشرة/الطبيب,بدون وصفة/بوصفة حسب الشكل,المعلومة تعليمية ولا تغني عن النشرة أو استشارة الطبيب/الصيدلي.,EDA EDDB: https://eservices.edaegypt.gov.eg/EDASearch/SearchRegDrugs.aspx | EDA OTC list: https://edaegypt.gov.eg/media/pdzgaksr/otc-list-11-3-2026.pdf | MedlinePlus: https://medlineplus.gov/druginformation.html | NHS medicines: https://www.nhs.uk/medicines/
Concor,Bisoprolol,أقراص,حاصر بيتا,ارتفاع الضغط، سرعة ضربات القلب، بعض أمراض القلب,حسب الطبيب؛ يؤخذ بانتظام ولا يوقف فجأة,بطء نبض، تعب، دوخة، برودة أطراف,لا توقفه فجأة؛ الحذر مع الربو، بطء النبض، هبوط الضغط,بوصفة,المعلومة تعليمية ولا تغني عن النشرة أو استشارة الطبيب/الصيدلي.,EDA EDDB: https://eservices.edaegypt.gov.eg/EDASearch/SearchRegDrugs.aspx | EDA OTC list: https://edaegypt.gov.eg/media/pdzgaksr/otc-list-11-3-2026.pdf | MedlinePlus: https://medlineplus.gov/druginformation.html | NHS medicines: https://www.nhs.uk/medicines/
Capoten,Captopril,أقراص,ACE inhibitor,ارتفاع الضغط وقصور القلب حسب الطبيب,حسب وصف الطبيب؛ قد يؤخذ قبل الأكل حسب النشرة,كحة جافة، دوخة، ارتفاع بوتاسيوم,ممنوع في الحمل؛ يحتاج متابعة ضغط وكلى وبوتاسيوم,بوصفة,المعلومة تعليمية ولا تغني عن النشرة أو استشارة الطبيب/الصيدلي.,EDA EDDB: https://eservices.edaegypt.gov.eg/EDASearch/SearchRegDrugs.aspx | EDA OTC list: https://edaegypt.gov.eg/media/pdzgaksr/otc-list-11-3-2026.pdf | MedlinePlus: https://medlineplus.gov/druginformation.html | NHS medicines: https://www.nhs.uk/medicines/
Coversyl,Perindopril,أقراص,ACE inhibitor,ارتفاع ضغط الدم وقصور القلب/حماية القلب حسب الطبيب,حسب الطبيب غالبًا مرة يوميًا,كحة، دوخة، ارتفاع بوتاسيوم,ممنوع في الحمل؛ راقب الكلى والبوتاسيوم,بوصفة,المعلومة تعليمية ولا تغني عن النشرة أو استشارة الطبيب/الصيدلي.,EDA EDDB: https://eservices.edaegypt.gov.eg/EDASearch/SearchRegDrugs.aspx | EDA OTC list: https://edaegypt.gov.eg/media/pdzgaksr/otc-list-11-3-2026.pdf | MedlinePlus: https://medlineplus.gov/druginformation.html | NHS medicines: https://www.nhs.uk/medicines/
Norvasc,Amlodipine,أقراص,حاصر قنوات كالسيوم,ارتفاع ضغط الدم والذبحة الصدرية,حسب الطبيب غالبًا مرة يوميًا,تورم القدمين، صداع، احمرار، دوخة,لا تعدل الجرعة دون الطبيب؛ راقب تورم شديد أو هبوط ضغط,بوصفة,المعلومة تعليمية ولا تغني عن النشرة أو استشارة الطبيب/الصيدلي.,EDA EDDB: https://eservices.edaegypt.gov.eg/EDASearch/SearchRegDrugs.aspx | EDA OTC list: https://edaegypt.gov.eg/media/pdzgaksr/otc-list-11-3-2026.pdf | MedlinePlus: https://medlineplus.gov/druginformation.html | NHS medicines: https://www.nhs.uk/medicines/
Exforge,Amlodipine + Valsartan,أقراص,خافض ضغط مركب,ارتفاع ضغط الدم عند الحاجة لتركيبة دوائية,حسب الطبيب مرة يوميًا غالبًا,دوخة، تورم قدمين، ارتفاع بوتاسيوم,ممنوع في الحمل؛ يحتاج متابعة ضغط وكلى وبوتاسيوم,بوصفة,المعلومة تعليمية ولا تغني عن النشرة أو استشارة الطبيب/الصيدلي.,EDA EDDB: https://eservices.edaegypt.gov.eg/EDASearch/SearchRegDrugs.aspx | EDA OTC list: https://edaegypt.gov.eg/media/pdzgaksr/otc-list-11-3-2026.pdf | MedlinePlus: https://medlineplus.gov/druginformation.html | NHS medicines: https://www.nhs.uk/medicines/
Lasix,Furosemide,أقراص / حقن,مدر بول,احتباس السوائل، هبوط القلب، ضغط الدم حسب الطبيب,حسب الطبيب؛ قد يسبب كثرة تبول,جفاف، نقص بوتاسيوم، دوخة,يحتاج متابعة أملاح وكلى؛ الحذر من الجفاف وهبوط الضغط,بوصفة,المعلومة تعليمية ولا تغني عن النشرة أو استشارة الطبيب/الصيدلي.,EDA EDDB: https://eservices.edaegypt.gov.eg/EDASearch/SearchRegDrugs.aspx | EDA OTC list: https://edaegypt.gov.eg/media/pdzgaksr/otc-list-11-3-2026.pdf | MedlinePlus: https://medlineplus.gov/druginformation.html | NHS medicines: https://www.nhs.uk/medicines/
Aldactone,Spironolactone,أقراص,مدر بول حافظ للبوتاسيوم,قصور القلب، الاستسقاء، بعض حالات الضغط/الهرمونات حسب الطبيب,حسب وصف الطبيب,ارتفاع بوتاسيوم، ألم معدة، تغيرات هرمونية,يحتاج متابعة بوتاسيوم وكلى؛ تجنب مكملات البوتاسيوم دون طبيب,بوصفة,المعلومة تعليمية ولا تغني عن النشرة أو استشارة الطبيب/الصيدلي.,EDA EDDB: https://eservices.edaegypt.gov.eg/EDASearch/SearchRegDrugs.aspx | EDA OTC list: https://edaegypt.gov.eg/media/pdzgaksr/otc-list-11-3-2026.pdf | MedlinePlus: https://medlineplus.gov/druginformation.html | NHS medicines: https://www.nhs.uk/medicines/
Crestor,Rosuvastatin,أقراص,ستاتين لخفض الكوليسترول,ارتفاع الكوليسترول وتقليل مخاطر القلب حسب الطبيب,حسب الطبيب غالبًا مرة يوميًا,ألم عضلات، صداع، اضطراب هضم,أبلغ الطبيب عن ألم عضلي شديد أو بول غامق؛ متابعة كبد عند الحاجة,بوصفة,المعلومة تعليمية ولا تغني عن النشرة أو استشارة الطبيب/الصيدلي.,EDA EDDB: https://eservices.edaegypt.gov.eg/EDASearch/SearchRegDrugs.aspx | EDA OTC list: https://edaegypt.gov.eg/media/pdzgaksr/otc-list-11-3-2026.pdf | MedlinePlus: https://medlineplus.gov/druginformation.html | NHS medicines: https://www.nhs.uk/medicines/
Lipitor,Atorvastatin,أقراص,ستاتين,خفض الكوليسترول وتقليل مخاطر أمراض القلب,حسب الطبيب غالبًا مرة يوميًا,ألم عضلات، اضطراب هضم، صداع,تداخلات دوائية مهمة؛ أبلغ الطبيب عن ألم عضلي شديد أو مشاكل كبد,بوصفة,المعلومة تعليمية ولا تغني عن النشرة أو استشارة الطبيب/الصيدلي.,EDA EDDB: https://eservices.edaegypt.gov.eg/EDASearch/SearchRegDrugs.aspx | EDA OTC list: https://edaegypt.gov.eg/media/pdzgaksr/otc-list-11-3-2026.pdf | MedlinePlus: https://medlineplus.gov/druginformation.html | NHS medicines: https://www.nhs.uk/medicines/
Aspirin Protect,Acetylsalicylic acid low dose,أقراص مغلفة,مضاد صفائح,الوقاية من الجلطات لبعض مرضى القلب/الشرايين حسب الطبيب,حسب الطبيب غالبًا جرعة منخفضة يوميًا,حموضة، نزيف، كدمات,لا يستخدم للوقاية بدون طبيب؛ الحذر مع قرحة المعدة ومميعات الدم,بوصفة/بتوجيه طبي,المعلومة تعليمية ولا تغني عن النشرة أو استشارة الطبيب/الصيدلي.,EDA EDDB: https://eservices.edaegypt.gov.eg/EDASearch/SearchRegDrugs.aspx | EDA OTC list: https://edaegypt.gov.eg/media/pdzgaksr/otc-list-11-3-2026.pdf | MedlinePlus: https://medlineplus.gov/druginformation.html | NHS medicines: https://www.nhs.uk/medicines/
Plavix,Clopidogrel,أقراص,مضاد صفائح,بعد الجلطات أو الدعامات أو أمراض الشرايين حسب الطبيب,حسب الطبيب غالبًا مرة يوميًا,نزيف، كدمات، إسهال,أخبر أي طبيب/طبيب أسنان قبل العمليات؛ تداخلات مع بعض أدوية الحموضة ومميعات الدم,بوصفة,المعلومة تعليمية ولا تغني عن النشرة أو استشارة الطبيب/الصيدلي.,EDA EDDB: https://eservices.edaegypt.gov.eg/EDASearch/SearchRegDrugs.aspx | EDA OTC list: https://edaegypt.gov.eg/media/pdzgaksr/otc-list-11-3-2026.pdf | MedlinePlus: https://medlineplus.gov/druginformation.html | NHS medicines: https://www.nhs.uk/medicines/
Clexane,Enoxaparin,حقن تحت الجلد,مضاد تجلط,الوقاية/العلاج من الجلطات حسب الطبيب,الجرعة حسب الوزن والحالة والكلى؛ بواسطة تدريب/مختص,كدمات مكان الحقن، نزيف,خطر النزيف؛ يحتاج ضبط جرعة في قصور الكلى والحمل حسب الطبيب,بوصفة,المعلومة تعليمية ولا تغني عن النشرة أو استشارة الطبيب/الصيدلي.,EDA EDDB: https://eservices.edaegypt.gov.eg/EDASearch/SearchRegDrugs.aspx | EDA OTC list: https://edaegypt.gov.eg/media/pdzgaksr/otc-list-11-3-2026.pdf | MedlinePlus: https://medlineplus.gov/druginformation.html | NHS medicines: https://www.nhs.uk/medicines/
Marevan,Warfarin,أقراص,مضاد تجلط,الوقاية/العلاج من جلطات محددة حسب الطبيب,حسب INR وتوجيه الطبيب فقط,نزيف، كدمات، غثيان,يتأثر بالطعام والأدوية؛ يحتاج متابعة INR منتظمة,بوصفة ومتابعة دقيقة,المعلومة تعليمية ولا تغني عن النشرة أو استشارة الطبيب/الصيدلي.,EDA EDDB: https://eservices.edaegypt.gov.eg/EDASearch/SearchRegDrugs.aspx | EDA OTC list: https://edaegypt.gov.eg/media/pdzgaksr/otc-list-11-3-2026.pdf | MedlinePlus: https://medlineplus.gov/druginformation.html | NHS medicines: https://www.nhs.uk/medicines/
Glucophage,Metformin,أقراص / XR,دواء سكر من النوع الثاني,السكري النوع الثاني ومقاومة الإنسولين حسب الطبيب,حسب الطبيب؛ غالبًا يبدأ بجرعة منخفضة مع الطعام لتقليل اضطراب المعدة,غثيان، إسهال، مغص، طعم معدني,الحذر مع قصور الكلى؛ أبلغ الطبيب قبل صبغات الأشعة أو جفاف شديد,بوصفة,المعلومة تعليمية ولا تغني عن النشرة أو استشارة الطبيب/الصيدلي.,EDA EDDB: https://eservices.edaegypt.gov.eg/EDASearch/SearchRegDrugs.aspx | EDA OTC list: https://edaegypt.gov.eg/media/pdzgaksr/otc-list-11-3-2026.pdf | MedlinePlus: https://medlineplus.gov/druginformation.html | NHS medicines: https://www.nhs.uk/medicines/
Amaryl,Glimepiride,أقراص,سلفونيل يوريا للسكري,السكري النوع الثاني,حسب الطبيب غالبًا قبل/مع أول وجبة,هبوط سكر، زيادة وزن، دوخة,لا تفوت الوجبات؛ راقب أعراض هبوط السكر,بوصفة,المعلومة تعليمية ولا تغني عن النشرة أو استشارة الطبيب/الصيدلي.,EDA EDDB: https://eservices.edaegypt.gov.eg/EDASearch/SearchRegDrugs.aspx | EDA OTC list: https://edaegypt.gov.eg/media/pdzgaksr/otc-list-11-3-2026.pdf | MedlinePlus: https://medlineplus.gov/druginformation.html | NHS medicines: https://www.nhs.uk/medicines/
Diamicron MR,Gliclazide modified release,أقراص ممتدة المفعول,سلفونيل يوريا,السكري النوع الثاني,حسب الطبيب غالبًا مع الإفطار,هبوط سكر، غثيان، زيادة وزن,خطر هبوط السكر يزيد مع الصيام أو قلة الأكل؛ راقب السكر,بوصفة,المعلومة تعليمية ولا تغني عن النشرة أو استشارة الطبيب/الصيدلي.,EDA EDDB: https://eservices.edaegypt.gov.eg/EDASearch/SearchRegDrugs.aspx | EDA OTC list: https://edaegypt.gov.eg/media/pdzgaksr/otc-list-11-3-2026.pdf | MedlinePlus: https://medlineplus.gov/druginformation.html | NHS medicines: https://www.nhs.uk/medicines/
Galvus Met,Vildagliptin + Metformin,أقراص,دواء سكري مركب,السكري النوع الثاني عند الحاجة لتركيبة,حسب الطبيب ومع الطعام غالبًا,غثيان، إسهال، صداع,الحذر مع قصور الكلى والكبد؛ لا يستخدم للسكري النوع الأول,بوصفة,المعلومة تعليمية ولا تغني عن النشرة أو استشارة الطبيب/الصيدلي.,EDA EDDB: https://eservices.edaegypt.gov.eg/EDASearch/SearchRegDrugs.aspx | EDA OTC list: https://edaegypt.gov.eg/media/pdzgaksr/otc-list-11-3-2026.pdf | MedlinePlus: https://medlineplus.gov/druginformation.html | NHS medicines: https://www.nhs.uk/medicines/
Januvia,Sitagliptin,أقراص,DPP-4 inhibitor,السكري النوع الثاني,حسب الطبيب غالبًا مرة يوميًا,صداع، التهاب حلق، اضطراب معدة,تعديل الجرعة قد يلزم مع قصور الكلى؛ راجع الطبيب عند ألم بطن شديد,بوصفة,المعلومة تعليمية ولا تغني عن النشرة أو استشارة الطبيب/الصيدلي.,EDA EDDB: https://eservices.edaegypt.gov.eg/EDASearch/SearchRegDrugs.aspx | EDA OTC list: https://edaegypt.gov.eg/media/pdzgaksr/otc-list-11-3-2026.pdf | MedlinePlus: https://medlineplus.gov/druginformation.html | NHS medicines: https://www.nhs.uk/medicines/
Jardiance,Empagliflozin,أقراص,SGLT2 inhibitor,السكري النوع الثاني وقد يستخدم لفوائد قلب/كلى حسب الطبيب,حسب الطبيب غالبًا مرة يوميًا,كثرة تبول، التهابات فطرية/بولية، عطش,خطر جفاف أو كيتوأسيدوز نادر؛ أبلغ الطبيب عند قيء/ألم بطن/تنفس غريب,بوصفة,المعلومة تعليمية ولا تغني عن النشرة أو استشارة الطبيب/الصيدلي.,EDA EDDB: https://eservices.edaegypt.gov.eg/EDASearch/SearchRegDrugs.aspx | EDA OTC list: https://edaegypt.gov.eg/media/pdzgaksr/otc-list-11-3-2026.pdf | MedlinePlus: https://medlineplus.gov/druginformation.html | NHS medicines: https://www.nhs.uk/medicines/
Forxiga,Dapagliflozin,أقراص,SGLT2 inhibitor,السكري النوع الثاني وقصور القلب/الكلى في حالات محددة,حسب الطبيب غالبًا مرة يوميًا,كثرة تبول، التهابات بولية/فطرية، عطش,الحذر مع الجفاف والصيام الطويل؛ أوقف/راجع الطبيب قبل جراحات حسب التعليمات,بوصفة,المعلومة تعليمية ولا تغني عن النشرة أو استشارة الطبيب/الصيدلي.,EDA EDDB: https://eservices.edaegypt.gov.eg/EDASearch/SearchRegDrugs.aspx | EDA OTC list: https://edaegypt.gov.eg/media/pdzgaksr/otc-list-11-3-2026.pdf | MedlinePlus: https://medlineplus.gov/druginformation.html | NHS medicines: https://www.nhs.uk/medicines/
Lantus,Insulin glargine,قلم/فيال حقن,إنسولين طويل المفعول,السكري النوع الأول أو الثاني حسب الخطة,جرعة فردية يحددها الطبيب حسب السكر,هبوط سكر، زيادة وزن، تهيج مكان الحقن,تعلم علامات هبوط السكر؛ لا تغير الجرعة دون الطبيب,بوصفة,المعلومة تعليمية ولا تغني عن النشرة أو استشارة الطبيب/الصيدلي.,EDA EDDB: https://eservices.edaegypt.gov.eg/EDASearch/SearchRegDrugs.aspx | EDA OTC list: https://edaegypt.gov.eg/media/pdzgaksr/otc-list-11-3-2026.pdf | MedlinePlus: https://medlineplus.gov/druginformation.html | NHS medicines: https://www.nhs.uk/medicines/
NovoMix 30,Biphasic insulin aspart 30/70,قلم/فيال حقن,إنسولين مخلوط,السكري حسب خطة الطبيب مع الوجبات,جرعة فردية مرتبطة بالوجبات وقراءات السكر,هبوط سكر، زيادة وزن، تهيج موضعي,لا تؤخذ جرعة دون أكل حسب الخطة؛ متابعة السكر مهمة,بوصفة,المعلومة تعليمية ولا تغني عن النشرة أو استشارة الطبيب/الصيدلي.,EDA EDDB: https://eservices.edaegypt.gov.eg/EDASearch/SearchRegDrugs.aspx | EDA OTC list: https://edaegypt.gov.eg/media/pdzgaksr/otc-list-11-3-2026.pdf | MedlinePlus: https://medlineplus.gov/druginformation.html | NHS medicines: https://www.nhs.uk/medicines/
Humalog,Insulin lispro,قلم/فيال حقن,إنسولين سريع المفعول,ضبط سكر الوجبات أو التصحيح حسب الخطة,جرعة فردية قبل/مع الوجبات حسب الطبيب,هبوط سكر، تهيج مكان الحقن,لا يستخدم دون خطة واضحة؛ احمل مصدر سكر سريع عند الخروج,بوصفة,المعلومة تعليمية ولا تغني عن النشرة أو استشارة الطبيب/الصيدلي.,EDA EDDB: https://eservices.edaegypt.gov.eg/EDASearch/SearchRegDrugs.aspx | EDA OTC list: https://edaegypt.gov.eg/media/pdzgaksr/otc-list-11-3-2026.pdf | MedlinePlus: https://medlineplus.gov/druginformation.html | NHS medicines: https://www.nhs.uk/medicines/
Fucidin,Fusidic acid,كريم / مرهم,مضاد حيوي موضعي,عدوى جلدية بكتيرية سطحية حسب تقييم الطبيب/الصيدلي,طبقة رقيقة حسب النشرة ولمدة محددة,حرقان أو حكة موضعية، طفح نادر,لا يستخدم لفترات طويلة أو على مساحات كبيرة دون طبيب؛ ليس للفطريات,بوصفة/بدون حسب الصرف,المعلومة تعليمية ولا تغني عن النشرة أو استشارة الطبيب/الصيدلي.,EDA EDDB: https://eservices.edaegypt.gov.eg/EDASearch/SearchRegDrugs.aspx | EDA OTC list: https://edaegypt.gov.eg/media/pdzgaksr/otc-list-11-3-2026.pdf | MedlinePlus: https://medlineplus.gov/druginformation.html | NHS medicines: https://www.nhs.uk/medicines/
Bepanthen,Dexpanthenol,كريم / مرهم,مرطب ومساعد ترميم الجلد,جفاف الجلد، التسلخات البسيطة، العناية بالبشرة,يوضع طبقة رقيقة حسب الحاجة والنشرة,حساسية أو تهيج نادر,أوقفه عند حساسية؛ الجروح العميقة أو العدوى تحتاج طبيب,بدون وصفة غالبًا,المعلومة تعليمية ولا تغني عن النشرة أو استشارة الطبيب/الصيدلي.,EDA EDDB: https://eservices.edaegypt.gov.eg/EDASearch/SearchRegDrugs.aspx | EDA OTC list: https://edaegypt.gov.eg/media/pdzgaksr/otc-list-11-3-2026.pdf | MedlinePlus: https://medlineplus.gov/druginformation.html | NHS medicines: https://www.nhs.uk/medicines/
